mean_fit_time,std_fit_time,mean_score_time,std_score_time,param_clf,param_clf__C,param_clf__criterion,param_clf__n_estimators,param_clf__learning_rate,params,split0_test_score,split1_test_score,split2_test_score,split3_test_score,split4_test_score,split5_test_score,split6_test_score,split7_test_score,split8_test_score,split9_test_score,mean_test_score,std_test_score,rank_test_score,split0_train_score,split1_train_score,split2_train_score,split3_train_score,split4_train_score,split5_train_score,split6_train_score,split7_train_score,split8_train_score,split9_train_score,mean_train_score,std_train_score
0.014407753944396973,0.0027682581080417214,0.0009977102279663086,0.0004421533076102674,LinearSVC(),1,,,,"{'clf': LinearSVC(), 'clf__C': 1}",0.5527950310559007,0.61875,0.60625,0.49375,0.61875,0.60625,0.64375,0.53125,0.58125,0.56875,0.58215450310559,0.04368381164565363,17,0.5944444444444444,0.5884802220680083,0.5961138098542679,0.600971547536433,0.5863983344899375,0.5912560721721027,0.5850104094378904,0.5995836224843858,0.5912560721721027,0.5954198473282443,0.5928934381987817,0.005082720723890039
0.07254610061645508,0.005862525522745723,0.000901031494140625,0.00030070446858284527,LinearSVC(),10,,,,"{'clf': LinearSVC(), 'clf__C': 10}",0.5527950310559007,0.61875,0.60625,0.49375,0.61875,0.60625,0.64375,0.525,0.58125,0.5625,0.5809045031055902,0.04466443392294274,19,0.5944444444444444,0.5891741845940319,0.5961138098542679,0.600971547536433,0.5857043719639139,0.5926439972241498,0.5850104094378904,0.6002775850104094,0.5912560721721027,0.594031922276197,0.5929628344513841,0.005140104353337466
0.07399148941040039,0.007459794545893559,0.0011006832122802735,0.0005391160660986364,LinearSVC(),100,,,,"{'clf': LinearSVC(), 'clf__C': 100}",0.5093167701863354,0.50625,0.56875,0.5125,0.6125,0.5625,0.58125,0.53125,0.60625,0.4625,0.5453066770186336,0.046171056823509284,24,0.5451388888888888,0.5315752949340735,0.5399028452463567,0.5787647467036781,0.5641915336571826,0.5718251214434421,0.49340735600277585,0.5780707841776545,0.5877862595419847,0.5093684941013186,0.5500031324697355,0.03006595377033767
0.009975504875183106,0.0011942897916770935,0.000820326805114746,0.00041115145435581,LogisticRegression(),1,,,,"{'clf': LogisticRegression(), 'clf__C': 1}",0.5527950310559007,0.625,0.60625,0.5,0.61875,0.59375,0.65,0.5375,0.5875,0.56875,0.58402950310559,0.04274516508620573,14,0.5923611111111111,0.5884802220680083,0.5975017349063151,0.5981956974323387,0.5850104094378904,0.5933379597501734,0.5836224843858432,0.6002775850104094,0.5905621096460791,0.5968077723802915,0.5926157086128461,0.005402887362677789
0.008484768867492675,0.0012316470823787236,0.000827622413635254,0.0004164940982367321,LogisticRegression(),10,,,,"{'clf': LogisticRegression(), 'clf__C': 10}",0.5527950310559007,0.625,0.60625,0.5,0.625,0.60625,0.64375,0.525,0.575,0.5625,0.5821545031055901,0.044656610931562465,16,0.5951388888888889,0.5891741845940319,0.5961138098542679,0.6002775850104094,0.5870922970159611,0.5919500346981263,0.5857043719639139,0.600971547536433,0.5912560721721027,0.5947258848022207,0.5932404676536355,0.004899873677311735
0.008999967575073242,0.0010015026578458095,0.0006017208099365235,0.0004913142144047522,LogisticRegression(),100,,,,"{'clf': LogisticRegression(), 'clf__C': 100}",0.5527950310559007,0.625,0.60625,0.49375,0.625,0.60625,0.64375,0.525,0.575,0.5625,0.58152950310559,0.0458303573385036,18,0.5958333333333333,0.5891741845940319,0.5961138098542679,0.6002775850104094,0.5870922970159611,0.5919500346981263,0.5857043719639139,0.6016655100624566,0.5912560721721027,0.5947258848022207,0.5933793083506823,0.005042078399105785
0.8823426246643067,0.04368868697196412,0.013157391548156738,0.0003316164770941498,RandomForestClassifier(),,gini,100,,"{'clf': RandomForestClassifier(), 'clf__criterion': 'gini', 'clf__n_estimators': 100}",0.5838509316770186,0.6,0.59375,0.5,0.60625,0.61875,0.69375,0.51875,0.5125,0.56875,0.5796350931677019,0.05528708990787857,21,1.0,1.0,1.0,1.0,1.0,1.0,1.0,1.0,1.0,1.0,1.0,0.0
1.8352542877197267,0.09684178053839161,0.025998687744140624,0.0017279611069916706,RandomForestClassifier(),,gini,200,,"{'clf': RandomForestClassifier(), 'clf__criterion': 'gini', 'clf__n_estimators': 200}",0.5962732919254659,0.59375,0.63125,0.5125,0.59375,0.6,0.70625,0.5375,0.525,0.59375,0.5890023291925466,0.05326792019703949,9,1.0,1.0,1.0,1.0,1.0,1.0,1.0,1.0,1.0,1.0,1.0,0.0
3.5889060735702514,0.05709928597540404,0.049703788757324216,0.00077501868904996,RandomForestClassifier(),,gini,400,,"{'clf': RandomForestClassifier(), 'clf__criterion': 'gini', 'clf__n_estimators': 400}",0.6149068322981367,0.6125,0.60625,0.4875,0.6,0.6125,0.73125,0.5375,0.4875,0.5875,0.5877406832298137,0.06758138069945527,11,1.0,1.0,1.0,1.0,1.0,1.0,1.0,1.0,1.0,1.0,1.0,0.0
1.194147562980652,0.05006048219356058,0.013751745223999023,0.000734466920674768,RandomForestClassifier(),,entropy,100,,"{'clf': RandomForestClassifier(), 'clf__criterion': 'entropy', 'clf__n_estimators': 100}",0.5962732919254659,0.6125,0.58125,0.4875,0.60625,0.6375,0.70625,0.51875,0.50625,0.575,0.5827523291925465,0.06241244216520453,15,1.0,1.0,1.0,1.0,1.0,1.0,1.0,1.0,1.0,1.0,1.0,0.0
2.4343505620956423,0.09144725405326089,0.027091240882873534,0.002011742214789726,RandomForestClassifier(),,entropy,200,,"{'clf': RandomForestClassifier(), 'clf__criterion': 'entropy', 'clf__n_estimators': 200}",0.5838509316770186,0.6125,0.6375,0.50625,0.6375,0.6125,0.69375,0.51875,0.5125,0.6,0.5915100931677018,0.0587375048222933,7,1.0,1.0,1.0,1.0,1.0,1.0,1.0,1.0,1.0,1.0,1.0,0.0
6.665500259399414,1.1458418689143148,0.11470603942871094,0.052692859885446676,RandomForestClassifier(),,entropy,400,,"{'clf': RandomForestClassifier(), 'clf__criterion': 'entropy', 'clf__n_estimators': 400}",0.6211180124223602,0.61875,0.625,0.5125,0.625,0.63125,0.6875,0.51875,0.48125,0.5875,0.5908618012422362,0.06193617980091037,8,1.0,1.0,1.0,1.0,1.0,1.0,1.0,1.0,1.0,1.0,1.0,0.0
1.4024542093276977,0.07339886612191894,0.019701004028320312,0.010844286769501669,RandomForestClassifier(),,log_loss,100,,"{'clf': RandomForestClassifier(), 'clf__criterion': 'log_loss', 'clf__n_estimators': 100}",0.5900621118012422,0.575,0.5875,0.4875,0.575,0.6125,0.70625,0.5125,0.53125,0.575,0.5752562111801243,0.057001610302012465,23,1.0,1.0,1.0,1.0,1.0,1.0,1.0,1.0,1.0,1.0,1.0,0.0
2.787766718864441,0.21366319216494364,0.03729565143585205,0.020777445567922777,RandomForestClassifier(),,log_loss,200,,"{'clf': RandomForestClassifier(), 'clf__criterion': 'log_loss', 'clf__n_estimators': 200}",0.5962732919254659,0.60625,0.6375,0.5,0.6375,0.6375,0.675,0.5375,0.50625,0.5875,0.5921273291925465,0.056681984701179536,6,1.0,1.0,1.0,1.0,1.0,1.0,1.0,1.0,1.0,1.0,1.0,0.0
6.85869140625,1.9541053626736762,0.08896431922912598,0.044024591162826185,RandomForestClassifier(),,log_loss,400,,"{'clf': RandomForestClassifier(), 'clf__criterion': 'log_loss', 'clf__n_estimators': 400}",0.6211180124223602,0.61875,0.6125,0.50625,0.60625,0.625,0.7125,0.525,0.50625,0.6,0.5933618012422359,0.06085767299297204,5,1.0,1.0,1.0,1.0,1.0,1.0,1.0,1.0,1.0,1.0,1.0,0.0
0.7041630268096923,0.0250545035978917,0.022803115844726562,0.002560324518707907,"AdaBoostClassifier(learning_rate=0.01, n_estimators=200)",,,100,0.01,"{'clf': AdaBoostClassifier(learning_rate=0.01, n_estimators=200), 'clf__learning_rate': 0.01, 'clf__n_estimators': 100}",0.6149068322981367,0.63125,0.63125,0.53125,0.625,0.5875,0.69375,0.58125,0.55,0.6125,0.6058656832298136,0.043744672534652244,2,0.6118055555555556,0.6099930603747398,0.6099930603747398,0.6210964607911172,0.6086051353226926,0.6148507980569049,0.6030534351145038,0.611380985426787,0.6190145732130465,0.611380985426787,0.6121174049656875,0.004902702887788259
1.4092355728149415,0.11846773254908084,0.04493391513824463,0.0041406549980358255,"AdaBoostClassifier(learning_rate=0.01, n_estimators=200)",,,200,0.01,"{'clf': AdaBoostClassifier(learning_rate=0.01, n_estimators=200), 'clf__learning_rate': 0.01, 'clf__n_estimators': 200}",0.6149068322981367,0.63125,0.63125,0.53125,0.64375,0.5875,0.7,0.6125,0.55,0.6125,0.6114906832298137,0.04523754595276533,1,0.6125,0.6099930603747398,0.6099930603747398,0.6210964607911172,0.607911172796669,0.6148507980569049,0.6016655100624566,0.6155447605829285,0.6190145732130465,0.6127689104788342,0.6125338306731437,0.005312339299897887
2.8671621084213257,0.1766373604842064,0.08503386974334717,0.002184979820780567,"AdaBoostClassifier(learning_rate=0.01, n_estimators=200)",,,400,0.01,"{'clf': AdaBoostClassifier(learning_rate=0.01, n_estimators=200), 'clf__learning_rate': 0.01, 'clf__n_estimators': 400}",0.6211180124223602,0.6125,0.6125,0.5125,0.65,0.5875,0.69375,0.58125,0.53125,0.60625,0.6008618012422361,0.049969784304977505,3,0.6236111111111111,0.6120749479528106,0.6155447605829285,0.6280360860513532,0.6169326856349757,0.6190145732130465,0.6204024982650936,0.6363636363636364,0.6266481609993061,0.6197085357390701,0.6218336995913332,0.006702558825793521
0.6847140312194824,0.023388264843294593,0.021296930313110352,0.0010024947333710896,"AdaBoostClassifier(learning_rate=0.01, n_estimators=200)",,,100,0.1,"{'clf': AdaBoostClassifier(learning_rate=0.01, n_estimators=200), 'clf__learning_rate': 0.1, 'clf__n_estimators': 100}",0.5962732919254659,0.65625,0.6,0.5,0.63125,0.60625,0.6875,0.55625,0.55,0.60625,0.5990023291925466,0.051276697809699436,4,0.6347222222222222,0.6342817487855655,0.6321998612074948,0.655794587092297,0.63705759888966,0.6328938237335184,0.6273421235253296,0.6426092990978487,0.63705759888966,0.6328938237335184,0.6366852687177115,0.007391422437951873
1.3651648044586182,0.01925192250533678,0.04281308650970459,0.000751904898920499,"AdaBoostClassifier(learning_rate=0.01, n_estimators=200)",,,200,0.1,"{'clf': AdaBoostClassifier(learning_rate=0.01, n_estimators=200), 'clf__learning_rate': 0.1, 'clf__n_estimators': 200}",0.5714285714285714,0.60625,0.63125,0.5,0.61875,0.59375,0.675,0.54375,0.5375,0.60625,0.5883928571428572,0.048589807447191054,10,0.6541666666666667,0.6613462873004857,0.6523247744621791,0.6724496877168633,0.655794587092297,0.6446911866759195,0.6481609993060374,0.6585704371963914,0.6551006245662734,0.6516308119361555,0.655423606291927,0.007270545534618981
3.0572587966918947,0.7074356711260522,0.10903477668762207,0.06046966776885671,"AdaBoostClassifier(learning_rate=0.01, n_estimators=200)",,,400,0.1,"{'clf': AdaBoostClassifier(learning_rate=0.01, n_estimators=200), 'clf__learning_rate': 0.1, 'clf__n_estimators': 400}",0.5838509316770186,0.60625,0.60625,0.4875,0.625,0.59375,0.6875,0.5625,0.53125,0.5875,0.5871350931677018,0.05094063616570096,12,0.6756944444444445,0.6717557251908397,0.6668979875086746,0.6877168632893824,0.6731436502428869,0.6752255378209576,0.6648160999306038,0.6745315752949341,0.6675919500346982,0.6717557251908397,0.6729129558948261,0.0060633647990842475
0.7041447162628174,0.03616208151216689,0.024354267120361327,0.00554020898673203,"AdaBoostClassifier(learning_rate=0.01, n_estimators=200)",,,100,1,"{'clf': AdaBoostClassifier(learning_rate=0.01, n_estimators=200), 'clf__learning_rate': 1, 'clf__n_estimators': 100}",0.5900621118012422,0.6,0.64375,0.525,0.6375,0.59375,0.6625,0.49375,0.53125,0.58125,0.5858812111801243,0.05230981948396353,13,0.7055555555555556,0.710617626648161,0.7057598889659958,0.7133934767522554,0.7064538514920194,0.7217210270645386,0.6988202637057599,0.7126995142262318,0.7133934767522554,0.7092297015961138,0.7097644382758886,0.005860157432528521
1.3482186317443847,0.05729779291115898,0.04479904174804687,0.01223546476405628,"AdaBoostClassifier(learning_rate=0.01, n_estimators=200)",,,200,1,"{'clf': AdaBoostClassifier(learning_rate=0.01, n_estimators=200), 'clf__learning_rate': 1, 'clf__n_estimators': 200}",0.5403726708074534,0.5625,0.60625,0.4875,0.64375,0.6125,0.65625,0.5125,0.54375,0.59375,0.5759122670807454,0.05286638072985788,22,0.7493055555555556,0.7508674531575295,0.7501734906315058,0.739764052741152,0.7460097154753643,0.7633587786259542,0.7473976405274115,0.7515614156835531,0.7591950034698126,0.7473976405274115,0.7505030746395251,0.006312040848912389
4.122381424903869,0.8952502768886176,0.15867514610290528,0.09148797058046815,"AdaBoostClassifier(learning_rate=0.01, n_estimators=200)",,,400,1,"{'clf': AdaBoostClassifier(learning_rate=0.01, n_estimators=200), 'clf__learning_rate': 1, 'clf__n_estimators': 400}",0.5652173913043478,0.5875,0.6125,0.53125,0.6375,0.6,0.61875,0.51875,0.5375,0.6,0.5808967391304347,0.038555377846894764,20,0.8069444444444445,0.8008327550312283,0.8056904927133934,0.8015267175572519,0.7966689798750868,0.8160999306037474,0.8070784177654406,0.8091603053435115,0.8056904927133934,0.8036086051353227,0.8053301141182819,0.004992520297165657
